<?xml version="1.0"?>
<channel><item><url>bloggen</url><pubDate><![CDATA[Thu, 23 Feb 2012 10:39:43 +0000]]></pubDate><title><![CDATA[Bloggen]]></title><url><![CDATA[bloggen]]></url><meta><![CDATA[]]></meta><metad><![CDATA[]]></metad><menu><![CDATA[Bloggen]]></menu><menuOrder><![CDATA[5]]></menuOrder><menuStatus><![CDATA[Y]]></menuStatus><template><![CDATA[template.php]]></template><parent><![CDATA[]]></parent><private><![CDATA[]]></private><author><![CDATA[sylvain]]></author><slug><![CDATA[bloggen]]></slug><filename><![CDATA[bloggen.xml]]></filename></item><item><url>index</url><pubDate><![CDATA[Thu, 23 Feb 2012 19:33:52 +0000]]></pubDate><title><![CDATA[Home ]]></title><url><![CDATA[index]]></url><meta><![CDATA[getsimple, easy, content management system]]></meta><metad><![CDATA[]]></metad><menu><![CDATA[Home]]></menu><menuOrder><![CDATA[1]]></menuOrder><menuStatus><![CDATA[Y]]></menuStatus><template><![CDATA[template.php]]></template><parent><![CDATA[]]></parent><private><![CDATA[]]></private><author><![CDATA[sylvain]]></author><slug><![CDATA[index]]></slug><filename><![CDATA[index.xml]]></filename></item><item><url>intervjuer</url><pubDate><![CDATA[Thu, 23 Feb 2012 10:25:23 +0000]]></pubDate><title><![CDATA[Intervjuer]]></title><url><![CDATA[intervjuer]]></url><meta><![CDATA[]]></meta><metad><![CDATA[]]></metad><menu><![CDATA[Intervjuer]]></menu><menuOrder><![CDATA[4]]></menuOrder><menuStatus><![CDATA[Y]]></menuStatus><template><![CDATA[template.php]]></template><parent><![CDATA[]]></parent><private><![CDATA[]]></private><author><![CDATA[sylvain]]></author><slug><![CDATA[intervjuer]]></slug><filename><![CDATA[intervjuer.xml]]></filename></item><item><url>kalender</url><pubDate><![CDATA[Thu, 23 Feb 2012 13:15:50 +0000]]></pubDate><title><![CDATA[Kalender]]></title><url><![CDATA[kalender]]></url><meta><![CDATA[]]></meta><metad><![CDATA[]]></metad><menu><![CDATA[Kalender]]></menu><menuOrder><![CDATA[2]]></menuOrder><menuStatus><![CDATA[Y]]></menuStatus><template><![CDATA[template.php]]></template><parent><![CDATA[]]></parent><private><![CDATA[]]></private><author><![CDATA[sylvain]]></author><slug><![CDATA[kalender]]></slug><filename><![CDATA[kalender.xml]]></filename></item><item><url>taevlingar</url><pubDate><![CDATA[Thu, 23 Feb 2012 13:14:40 +0000]]></pubDate><title><![CDATA[Tävlingar]]></title><url><![CDATA[taevlingar]]></url><meta><![CDATA[]]></meta><metad><![CDATA[]]></metad><menu><![CDATA[Tävlingar]]></menu><menuOrder><![CDATA[3]]></menuOrder><menuStatus><![CDATA[Y]]></menuStatus><template><![CDATA[template.php]]></template><parent><![CDATA[]]></parent><private><![CDATA[]]></private><author><![CDATA[sylvain]]></author><slug><![CDATA[taevlingar]]></slug><filename><![CDATA[taevlingar.xml]]></filename></item></channel>
