<?xml version="1.0" encoding="UTF-8"?>
<item><pubDate>Thu, 23 Feb 2012 10:39:43 +0000</pubDate><title><![CDATA[Bloggen]]></title><url><![CDATA[bloggen]]></url><meta><![CDATA[]]></meta><metad><![CDATA[]]></metad><menu><![CDATA[Bloggen]]></menu><menuOrder><![CDATA[5]]></menuOrder><menuStatus><![CDATA[Y]]></menuStatus><template><![CDATA[template.php]]></template><parent><![CDATA[]]></parent><content><![CDATA[&lt;p&gt;
	Den här sidan ska innehålla formulär för kommentär, facebook knapp&amp;nbsp; etc.&lt;/p&gt;
]]></content><private><![CDATA[]]></private><author><![CDATA[sylvain]]></author></item>
