<?xml version="1.0" encoding="UTF-8"?>
<item><pubDate>Thu, 23 Feb 2012 19:33:52 +0000</pubDate><title><![CDATA[Home ]]></title><url><![CDATA[index]]></url><meta><![CDATA[getsimple, easy, content management system]]></meta><metad><![CDATA[]]></metad><menu><![CDATA[Home]]></menu><menuOrder><![CDATA[1]]></menuOrder><menuStatus><![CDATA[Y]]></menuStatus><template><![CDATA[template.php]]></template><parent><![CDATA[]]></parent><content><![CDATA[&lt;h3 style=&quot;color:blue;&quot;&gt;
	Header 2&lt;/h3&gt;
&lt;p&gt;
	&lt;strong&gt;Lorem ipsum&lt;/strong&gt; &lt;em&gt;dolor sit amet&lt;/em&gt;, &lt;strong&gt;consectetur adipiscing elit&lt;/strong&gt;. Donec &lt;code&gt;this is code&lt;/code&gt; venenatis augue. Class aptent taciti sociosqu ad litora torquent per conubia nostra, per inceptos himenaeos. Class aptent taciti sociosqu ad litora torquent per conubia nostra, per inceptos himenaeos. Integer vulputate pretium augue.&lt;/p&gt;
&lt;p&gt;
	link to&lt;a href=&quot;http://localhost/GetSimple_3.1/index.php?id=kalender&quot;&gt; &lt;/a&gt;&lt;a href=&quot;http://localhost/GetSimple_3.1/index.php?id=bloggen&quot;&gt;Kalender&lt;/a&gt;&lt;/p&gt;
&lt;p&gt;
	&lt;img alt=&quot;&quot; src=&quot;http://localhost/GetSimple_3.1/data/uploads/screenshot.png&quot; style=&quot;width: 275px; height: 225px;&quot; /&gt;&lt;/p&gt;
]]></content><private><![CDATA[]]></private><author><![CDATA[sylvain]]></author></item>
