<?xml version="1.0" encoding="UTF-8"?>
<item><pubDate>Thu, 23 Feb 2012 10:25:23 +0000</pubDate><title><![CDATA[Intervjuer]]></title><url><![CDATA[intervjuer]]></url><meta><![CDATA[]]></meta><metad><![CDATA[]]></metad><menu><![CDATA[Intervjuer]]></menu><menuOrder><![CDATA[4]]></menuOrder><menuStatus><![CDATA[Y]]></menuStatus><template><![CDATA[template.php]]></template><parent><![CDATA[]]></parent><content><![CDATA[&lt;p&gt;
	Den här sidan skall innehålla video på intervjuer med sportstjärnorna, tränare, mm.&lt;/p&gt;
]]></content><private><![CDATA[]]></private><author><![CDATA[sylvain]]></author></item>
