<?xml version="1.0" encoding="UTF-8"?>
<item><pubDate>Thu, 23 Feb 2012 13:15:50 +0000</pubDate><title><![CDATA[Kalender]]></title><url><![CDATA[kalender]]></url><meta><![CDATA[]]></meta><metad><![CDATA[]]></metad><menu><![CDATA[Kalender]]></menu><menuOrder><![CDATA[2]]></menuOrder><menuStatus><![CDATA[Y]]></menuStatus><template><![CDATA[template.php]]></template><parent><![CDATA[]]></parent><content><![CDATA[&lt;h3 style=&quot;color:blue;&quot;&gt;
	Kalender&lt;/h3&gt;
&lt;p&gt;
	Den här sidan ska innehålla kalender för träning, konferens osv.&lt;/p&gt;
]]></content><private><![CDATA[]]></private><author><![CDATA[sylvain]]></author></item>
