<?xml version="1.0" encoding="UTF-8"?>
<item><pubDate>Thu, 23 Feb 2012 13:14:40 +0000</pubDate><title><![CDATA[Tävlingar]]></title><url><![CDATA[taevlingar]]></url><meta><![CDATA[]]></meta><metad><![CDATA[]]></metad><menu><![CDATA[Tävlingar]]></menu><menuOrder><![CDATA[3]]></menuOrder><menuStatus><![CDATA[Y]]></menuStatus><template><![CDATA[template.php]]></template><parent><![CDATA[]]></parent><content><![CDATA[&lt;h3 style=&quot;color:red;&quot;&gt;
	Tävlingar&lt;/h3&gt;
&lt;p&gt;
	Den här sidan skall innehålla linkar till tävlingar för att kunna titta på matcher (fotboll, ishockey, tennis, bandy, innebandy, hanboll, basketboll,&amp;nbsp; etc).&lt;/p&gt;
]]></content><private><![CDATA[]]></private><author><![CDATA[sylvain]]></author></item>
